threshold,accuracy,precision,recall,f1,f_beta,cm,classification_report
0.1,0.5067519545131486,0.3484848484848485,0.983957219251337,0.5146853146853146,0.7210031347962382,"[[345, 688], [6, 368]]","              precision    recall  f1-score   support

           0       0.98      0.33      0.50      1033
           1       0.35      0.98      0.51       374

    accuracy                           0.51      1407
   macro avg       0.67      0.66      0.51      1407
weighted avg       0.81      0.51      0.50      1407
"
0.11,0.5167022032693674,0.3528846153846154,0.9812834224598931,0.5190947666195191,0.7235804416403786,"[[360, 673], [7, 367]]","              precision    recall  f1-score   support

           0       0.98      0.35      0.51      1033
           1       0.35      0.98      0.52       374

    accuracy                           0.52      1407
   macro avg       0.67      0.66      0.52      1407
weighted avg       0.81      0.52      0.52      1407
"
0.12,0.5230987917555082,0.3556851311953353,0.9786096256684492,0.5217391304347826,0.7247524752475247,"[[370, 663], [8, 366]]","              precision    recall  f1-score   support

           0       0.98      0.36      0.52      1033
           1       0.36      0.98      0.52       374

    accuracy                           0.52      1407
   macro avg       0.67      0.67      0.52      1407
weighted avg       0.81      0.52      0.52      1407
"
0.13,0.5294953802416489,0.35826771653543305,0.9732620320855615,0.5237410071942447,0.7245222929936306,"[[381, 652], [10, 364]]","              precision    recall  f1-score   support

           0       0.97      0.37      0.54      1033
           1       0.36      0.97      0.52       374

    accuracy                           0.53      1407
   macro avg       0.67      0.67      0.53      1407
weighted avg       0.81      0.53      0.53      1407
"
0.13999999999999999,0.5358919687277897,0.3611940298507463,0.9705882352941176,0.5264684554024656,0.7257097161135546,"[[391, 642], [11, 363]]","              precision    recall  f1-score   support

           0       0.97      0.38      0.54      1033
           1       0.36      0.97      0.53       374

    accuracy                           0.54      1407
   macro avg       0.67      0.67      0.54      1407
weighted avg       0.81      0.54      0.54      1407
"
0.14999999999999997,0.5451314854299929,0.36538461538461536,0.9652406417112299,0.5301027900146843,0.7266505636070854,"[[406, 627], [13, 361]]","              precision    recall  f1-score   support

           0       0.97      0.39      0.56      1033
           1       0.37      0.97      0.53       374

    accuracy                           0.55      1407
   macro avg       0.67      0.68      0.54      1407
weighted avg       0.81      0.55      0.55      1407
"
0.15999999999999998,0.5543710021321961,0.3699897225077081,0.9625668449197861,0.534521158129176,0.7290400972053463,"[[420, 613], [14, 360]]","              precision    recall  f1-score   support

           0       0.97      0.41      0.57      1033
           1       0.37      0.96      0.53       374

    accuracy                           0.55      1407
   macro avg       0.67      0.68      0.55      1407
weighted avg       0.81      0.55      0.56      1407
"
0.16999999999999998,0.5600568585643213,0.37279335410176534,0.9598930481283422,0.537023186237846,0.7299715331435543,"[[429, 604], [15, 359]]","              precision    recall  f1-score   support

           0       0.97      0.42      0.58      1033
           1       0.37      0.96      0.54       374

    accuracy                           0.56      1407
   macro avg       0.67      0.69      0.56      1407
weighted avg       0.81      0.56      0.57      1407
"
0.17999999999999997,0.566453447050462,0.3760504201680672,0.9572192513368984,0.5399698340874811,0.7312091503267973,"[[439, 594], [16, 358]]","              precision    recall  f1-score   support

           0       0.96      0.42      0.59      1033
           1       0.38      0.96      0.54       374

    accuracy                           0.57      1407
   macro avg       0.67      0.69      0.57      1407
weighted avg       0.81      0.57      0.58      1407
"
0.18999999999999995,0.5735607675906184,0.3797872340425532,0.9545454545454546,0.54337899543379,0.7327586206896551,"[[450, 583], [17, 357]]","              precision    recall  f1-score   support

           0       0.96      0.44      0.60      1033
           1       0.38      0.95      0.54       374

    accuracy                           0.57      1407
   macro avg       0.67      0.70      0.57      1407
weighted avg       0.81      0.57      0.58      1407
"
0.19999999999999996,0.5785358919687278,0.38238453276047263,0.9518716577540107,0.5455938697318008,0.7334157395962093,"[[458, 575], [18, 356]]","              precision    recall  f1-score   support

           0       0.96      0.44      0.61      1033
           1       0.38      0.95      0.55       374

    accuracy                           0.58      1407
   macro avg       0.67      0.70      0.58      1407
weighted avg       0.81      0.58      0.59      1407
"
0.20999999999999996,0.5835110163468372,0.3852813852813853,0.9518716577540107,0.5485362095531587,0.7355371900826446,"[[465, 568], [18, 356]]","              precision    recall  f1-score   support

           0       0.96      0.45      0.61      1033
           1       0.39      0.95      0.55       374

    accuracy                           0.58      1407
   macro avg       0.67      0.70      0.58      1407
weighted avg       0.81      0.58      0.60      1407
"
0.21999999999999995,0.5927505330490405,0.3907793633369923,0.9518716577540107,0.5540856031128405,0.7395097631906938,"[[478, 555], [18, 356]]","              precision    recall  f1-score   support

           0       0.96      0.46      0.63      1033
           1       0.39      0.95      0.55       374

    accuracy                           0.59      1407
   macro avg       0.68      0.71      0.59      1407
weighted avg       0.81      0.59      0.61      1407
"
0.22999999999999995,0.5998578535891969,0.3951165371809101,0.9518716577540107,0.5584313725490196,0.7425949103045474,"[[488, 545], [18, 356]]","              precision    recall  f1-score   support

           0       0.96      0.47      0.63      1033
           1       0.40      0.95      0.56       374

    accuracy                           0.60      1407
   macro avg       0.68      0.71      0.60      1407
weighted avg       0.81      0.60      0.61      1407
"
0.23999999999999994,0.605543710021322,0.3986562150055991,0.9518716577540107,0.5619573796369376,0.7450816241105065,"[[496, 537], [18, 356]]","              precision    recall  f1-score   support

           0       0.96      0.48      0.64      1033
           1       0.40      0.95      0.56       374

    accuracy                           0.61      1407
   macro avg       0.68      0.72      0.60      1407
weighted avg       0.81      0.61      0.62      1407
"
0.24999999999999992,0.6119402985074627,0.40271493212669685,0.9518716577540107,0.5659777424483307,0.7478991596638656,"[[505, 528], [18, 356]]","              precision    recall  f1-score   support

           0       0.97      0.49      0.65      1033
           1       0.40      0.95      0.57       374

    accuracy                           0.61      1407
   macro avg       0.68      0.72      0.61      1407
weighted avg       0.82      0.61      0.63      1407
"
0.2599999999999999,0.6162046908315565,0.40503432494279173,0.946524064171123,0.5673076923076923,0.7468354430379747,"[[513, 520], [20, 354]]","              precision    recall  f1-score   support

           0       0.96      0.50      0.66      1033
           1       0.41      0.95      0.57       374

    accuracy                           0.62      1407
   macro avg       0.68      0.72      0.61      1407
weighted avg       0.81      0.62      0.63      1407
"
0.2699999999999999,0.6233120113717129,0.4095127610208817,0.9438502673796791,0.5711974110032363,0.7485156912637828,"[[524, 509], [21, 353]]","              precision    recall  f1-score   support

           0       0.96      0.51      0.66      1033
           1       0.41      0.94      0.57       374

    accuracy                           0.62      1407
   macro avg       0.69      0.73      0.62      1407
weighted avg       0.81      0.62      0.64      1407
"
0.2799999999999999,0.6282871357498223,0.4122497055359246,0.9358288770053476,0.5723630417007359,0.746268656716418,"[[534, 499], [24, 350]]","              precision    recall  f1-score   support

           0       0.96      0.52      0.67      1033
           1       0.41      0.94      0.57       374

    accuracy                           0.63      1407
   macro avg       0.68      0.73      0.62      1407
weighted avg       0.81      0.63      0.64      1407
"
0.2899999999999999,0.6297085998578535,0.4126040428061831,0.9278074866310161,0.5711934156378601,0.7424047924689773,"[[539, 494], [27, 347]]","              precision    recall  f1-score   support

           0       0.95      0.52      0.67      1033
           1       0.41      0.93      0.57       374

    accuracy                           0.63      1407
   macro avg       0.68      0.72      0.62      1407
weighted avg       0.81      0.63      0.65      1407
"
0.29999999999999993,0.6346837242359631,0.41586538461538464,0.9251336898395722,0.5737976782752903,0.743127147766323,"[[547, 486], [28, 346]]","              precision    recall  f1-score   support

           0       0.95      0.53      0.68      1033
           1       0.42      0.93      0.57       374

    accuracy                           0.63      1407
   macro avg       0.68      0.73      0.63      1407
weighted avg       0.81      0.63      0.65      1407
"
0.30999999999999994,0.6417910447761194,0.42073170731707316,0.9224598930481284,0.5778894472361809,0.7448186528497409,"[[558, 475], [29, 345]]","              precision    recall  f1-score   support

           0       0.95      0.54      0.69      1033
           1       0.42      0.92      0.58       374

    accuracy                           0.64      1407
   macro avg       0.69      0.73      0.63      1407
weighted avg       0.81      0.64      0.66      1407
"
0.3199999999999999,0.652452025586354,0.42839352428393523,0.9197860962566845,0.5845369583687341,0.7481513701609396,"[[574, 459], [30, 344]]","              precision    recall  f1-score   support

           0       0.95      0.56      0.70      1033
           1       0.43      0.92      0.58       374

    accuracy                           0.65      1407
   macro avg       0.69      0.74      0.64      1407
weighted avg       0.81      0.65      0.67      1407
"
0.32999999999999985,0.658137882018479,0.43253467843631777,0.9171122994652406,0.5878320479862896,0.7492354740061162,"[[583, 450], [31, 343]]","              precision    recall  f1-score   support

           0       0.95      0.56      0.71      1033
           1       0.43      0.92      0.59       374

    accuracy                           0.66      1407
   macro avg       0.69      0.74      0.65      1407
weighted avg       0.81      0.66      0.68      1407
"
0.33999999999999986,0.6609808102345416,0.4342273307790549,0.9090909090909091,0.5877268798617113,0.7459412022817025,"[[590, 443], [34, 340]]","              precision    recall  f1-score   support

           0       0.95      0.57      0.71      1033
           1       0.43      0.91      0.59       374

    accuracy                           0.66      1407
   macro avg       0.69      0.74      0.65      1407
weighted avg       0.81      0.66      0.68      1407
"
0.34999999999999987,0.6645344705046198,0.4365284974093264,0.9010695187165776,0.5881326352530541,0.7429453262786596,"[[598, 435], [37, 337]]","              precision    recall  f1-score   support

           0       0.94      0.58      0.72      1033
           1       0.44      0.90      0.59       374

    accuracy                           0.66      1407
   macro avg       0.69      0.74      0.65      1407
weighted avg       0.81      0.66      0.68      1407
"
0.3599999999999999,0.6716417910447762,0.4421052631578947,0.8983957219251337,0.5925925925925926,0.7446808510638298,"[[609, 424], [38, 336]]","              precision    recall  f1-score   support

           0       0.94      0.59      0.72      1033
           1       0.44      0.90      0.59       374

    accuracy                           0.67      1407
   macro avg       0.69      0.74      0.66      1407
weighted avg       0.81      0.67      0.69      1407
"
0.3699999999999999,0.6801705756929638,0.44919786096256686,0.8983957219251337,0.5989304812834224,0.7486631016042781,"[[621, 412], [38, 336]]","              precision    recall  f1-score   support

           0       0.94      0.60      0.73      1033
           1       0.45      0.90      0.60       374

    accuracy                           0.68      1407
   macro avg       0.70      0.75      0.67      1407
weighted avg       0.81      0.68      0.70      1407
"
0.3799999999999999,0.6830135039090263,0.45148247978436656,0.8957219251336899,0.600358422939068,0.7484361036639857,"[[626, 407], [39, 335]]","              precision    recall  f1-score   support

           0       0.94      0.61      0.74      1033
           1       0.45      0.90      0.60       374

    accuracy                           0.68      1407
   macro avg       0.70      0.75      0.67      1407
weighted avg       0.81      0.68      0.70      1407
"
0.3899999999999999,0.681592039800995,0.44986449864498645,0.8877005347593583,0.5971223021582733,0.7430617726051925,"[[627, 406], [42, 332]]","              precision    recall  f1-score   support

           0       0.94      0.61      0.74      1033
           1       0.45      0.89      0.60       374

    accuracy                           0.68      1407
   macro avg       0.69      0.75      0.67      1407
weighted avg       0.81      0.68      0.70      1407
"
0.3999999999999998,0.6851457000710732,0.45241379310344826,0.8770053475935828,0.5969062784349408,0.7384061233678523,"[[636, 397], [46, 328]]","              precision    recall  f1-score   support

           0       0.93      0.62      0.74      1033
           1       0.45      0.88      0.60       374

    accuracy                           0.69      1407
   macro avg       0.69      0.75      0.67      1407
weighted avg       0.80      0.69      0.70      1407
"
0.4099999999999998,0.6915422885572139,0.45774647887323944,0.8689839572192514,0.5996309963099631,0.7366273798730735,"[[648, 385], [49, 325]]","              precision    recall  f1-score   support

           0       0.93      0.63      0.75      1033
           1       0.46      0.87      0.60       374

    accuracy                           0.69      1407
   macro avg       0.69      0.75      0.67      1407
weighted avg       0.80      0.69      0.71      1407
"
0.4199999999999998,0.6958066808813077,0.46153846153846156,0.8663101604278075,0.6022304832713755,0.7370336669699727,"[[655, 378], [50, 324]]","              precision    recall  f1-score   support

           0       0.93      0.63      0.75      1033
           1       0.46      0.87      0.60       374

    accuracy                           0.70      1407
   macro avg       0.70      0.75      0.68      1407
weighted avg       0.80      0.70      0.71      1407
"
0.4299999999999998,0.7007818052594172,0.4660894660894661,0.8636363636363636,0.60543580131209,0.737779808131567,"[[663, 370], [51, 323]]","              precision    recall  f1-score   support

           0       0.93      0.64      0.76      1033
           1       0.47      0.86      0.61       374

    accuracy                           0.70      1407
   macro avg       0.70      0.75      0.68      1407
weighted avg       0.81      0.70      0.72      1407
"
0.43999999999999984,0.7057569296375267,0.47023809523809523,0.8449197860962567,0.6042065009560229,0.7287822878228782,"[[677, 356], [58, 316]]","              precision    recall  f1-score   support

           0       0.92      0.66      0.77      1033
           1       0.47      0.84      0.60       374

    accuracy                           0.71      1407
   macro avg       0.70      0.75      0.69      1407
weighted avg       0.80      0.71      0.72      1407
"
0.44999999999999984,0.7107320540156361,0.4745762711864407,0.8235294117647058,0.6021505376344086,0.717948717948718,"[[692, 341], [66, 308]]","              precision    recall  f1-score   support

           0       0.91      0.67      0.77      1033
           1       0.47      0.82      0.60       374

    accuracy                           0.71      1407
   macro avg       0.69      0.75      0.69      1407
weighted avg       0.80      0.71      0.73      1407
"
0.45999999999999985,0.7128642501776831,0.4767080745341615,0.820855614973262,0.6031434184675835,0.7172897196261683,"[[696, 337], [67, 307]]","              precision    recall  f1-score   support

           0       0.91      0.67      0.78      1033
           1       0.48      0.82      0.60       374

    accuracy                           0.71      1407
   macro avg       0.69      0.75      0.69      1407
weighted avg       0.80      0.71      0.73      1407
"
0.46999999999999986,0.7149964463397299,0.4786729857819905,0.8101604278074866,0.6017874875868917,0.7116016909347112,"[[703, 330], [71, 303]]","              precision    recall  f1-score   support

           0       0.91      0.68      0.78      1033
           1       0.48      0.81      0.60       374

    accuracy                           0.71      1407
   macro avg       0.69      0.75      0.69      1407
weighted avg       0.79      0.71      0.73      1407
"
0.47999999999999976,0.7199715707178393,0.48381877022653724,0.7994652406417112,0.6028225806451613,0.7071901608325449,"[[714, 319], [75, 299]]","              precision    recall  f1-score   support

           0       0.90      0.69      0.78      1033
           1       0.48      0.80      0.60       374

    accuracy                           0.72      1407
   macro avg       0.69      0.75      0.69      1407
weighted avg       0.79      0.72      0.74      1407
"
0.48999999999999977,0.7235252309879175,0.4876441515650741,0.7914438502673797,0.6034658511722731,0.7037565382786496,"[[722, 311], [78, 296]]","              precision    recall  f1-score   support

           0       0.90      0.70      0.79      1033
           1       0.49      0.79      0.60       374

    accuracy                           0.72      1407
   macro avg       0.70      0.75      0.70      1407
weighted avg       0.79      0.72      0.74      1407
"
0.4999999999999998,0.728500355366027,0.49331103678929766,0.7887700534759359,0.6069958847736625,0.7043935052531041,"[[730, 303], [79, 295]]","              precision    recall  f1-score   support

           0       0.90      0.71      0.79      1033
           1       0.49      0.79      0.61       374

    accuracy                           0.73      1407
   macro avg       0.70      0.75      0.70      1407
weighted avg       0.79      0.73      0.74      1407
"
0.5099999999999998,0.7334754797441365,0.4991394148020654,0.7754010695187166,0.6073298429319371,0.6981222917669716,"[[742, 291], [84, 290]]","              precision    recall  f1-score   support

           0       0.90      0.72      0.80      1033
           1       0.50      0.78      0.61       374

    accuracy                           0.73      1407
   macro avg       0.70      0.75      0.70      1407
weighted avg       0.79      0.73      0.75      1407
"
0.5199999999999998,0.738450604122246,0.5052631578947369,0.7700534759358288,0.6101694915254238,0.6969990319457889,"[[751, 282], [86, 288]]","              precision    recall  f1-score   support

           0       0.90      0.73      0.80      1033
           1       0.51      0.77      0.61       374

    accuracy                           0.74      1407
   macro avg       0.70      0.75      0.71      1407
weighted avg       0.79      0.74      0.75      1407
"
0.5299999999999998,0.7448471926083866,0.5135623869801085,0.7593582887700535,0.6127292340884574,0.6930209858467545,"[[764, 269], [90, 284]]","              precision    recall  f1-score   support

           0       0.89      0.74      0.81      1033
           1       0.51      0.76      0.61       374

    accuracy                           0.74      1407
   macro avg       0.70      0.75      0.71      1407
weighted avg       0.79      0.74      0.76      1407
"
0.5399999999999998,0.7526652452025586,0.5239852398523985,0.7593582887700535,0.6200873362445415,0.6967615309126595,"[[775, 258], [90, 284]]","              precision    recall  f1-score   support

           0       0.90      0.75      0.82      1033
           1       0.52      0.76      0.62       374

    accuracy                           0.75      1407
   macro avg       0.71      0.75      0.72      1407
weighted avg       0.80      0.75      0.76      1407
"
0.5499999999999998,0.7569296375266524,0.5300751879699248,0.7540106951871658,0.6225165562913907,0.6952662721893491,"[[783, 250], [92, 282]]","              precision    recall  f1-score   support

           0       0.89      0.76      0.82      1033
           1       0.53      0.75      0.62       374

    accuracy                           0.76      1407
   macro avg       0.71      0.76      0.72      1407
weighted avg       0.80      0.76      0.77      1407
"
0.5599999999999997,0.759772565742715,0.5347490347490348,0.7406417112299465,0.6210762331838565,0.6876861966236345,"[[792, 241], [97, 277]]","              precision    recall  f1-score   support

           0       0.89      0.77      0.82      1033
           1       0.53      0.74      0.62       374

    accuracy                           0.76      1407
   macro avg       0.71      0.75      0.72      1407
weighted avg       0.80      0.76      0.77      1407
"
0.5699999999999997,0.7640369580668088,0.5411764705882353,0.7379679144385026,0.6244343891402715,0.6879361914257228,"[[799, 234], [98, 276]]","              precision    recall  f1-score   support

           0       0.89      0.77      0.83      1033
           1       0.54      0.74      0.62       374

    accuracy                           0.76      1407
   macro avg       0.72      0.76      0.73      1407
weighted avg       0.80      0.76      0.77      1407
"
0.5799999999999997,0.7683013503909026,0.5487804878048781,0.7219251336898396,0.6235565819861432,0.6790744466800804,"[[811, 222], [104, 270]]","              precision    recall  f1-score   support

           0       0.89      0.79      0.83      1033
           1       0.55      0.72      0.62       374

    accuracy                           0.77      1407
   macro avg       0.72      0.75      0.73      1407
weighted avg       0.80      0.77      0.78      1407
"
0.5899999999999997,0.7739872068230277,0.558091286307054,0.7192513368983957,0.6285046728971962,0.6799797775530839,"[[820, 213], [105, 269]]","              precision    recall  f1-score   support

           0       0.89      0.79      0.84      1033
           1       0.56      0.72      0.63       374

    accuracy                           0.77      1407
   macro avg       0.72      0.76      0.73      1407
weighted avg       0.80      0.77      0.78      1407
"
0.5999999999999998,0.7796730632551528,0.5683760683760684,0.7112299465240641,0.6318289786223278,0.6771894093686355,"[[831, 202], [108, 266]]","              precision    recall  f1-score   support

           0       0.88      0.80      0.84      1033
           1       0.57      0.71      0.63       374

    accuracy                           0.78      1407
   macro avg       0.73      0.76      0.74      1407
weighted avg       0.80      0.78      0.79      1407
"
0.6099999999999998,0.7846481876332623,0.5783664459161147,0.7005347593582888,0.6336154776299879,0.672139558748076,"[[842, 191], [112, 262]]","              precision    recall  f1-score   support

           0       0.88      0.82      0.85      1033
           1       0.58      0.70      0.63       374

    accuracy                           0.78      1407
   macro avg       0.73      0.76      0.74      1407
weighted avg       0.80      0.78      0.79      1407
"
0.6199999999999998,0.7853589196872779,0.581447963800905,0.6871657754010695,0.6299019607843137,0.6630546955624355,"[[848, 185], [117, 257]]","              precision    recall  f1-score   support

           0       0.88      0.82      0.85      1033
           1       0.58      0.69      0.63       374

    accuracy                           0.79      1407
   macro avg       0.73      0.75      0.74      1407
weighted avg       0.80      0.79      0.79      1407
"
0.6299999999999997,0.7846481876332623,0.581986143187067,0.6737967914438503,0.6245353159851301,0.6531881804043546,"[[852, 181], [122, 252]]","              precision    recall  f1-score   support

           0       0.87      0.82      0.85      1033
           1       0.58      0.67      0.62       374

    accuracy                           0.78      1407
   macro avg       0.73      0.75      0.74      1407
weighted avg       0.80      0.78      0.79      1407
"
0.6399999999999997,0.7860696517412935,0.585480093676815,0.6684491978609626,0.6242197253433208,0.6500260010400416,"[[856, 177], [124, 250]]","              precision    recall  f1-score   support

           0       0.87      0.83      0.85      1033
           1       0.59      0.67      0.62       374

    accuracy                           0.79      1407
   macro avg       0.73      0.75      0.74      1407
weighted avg       0.80      0.79      0.79      1407
"
0.6499999999999997,0.783226723525231,0.5823389021479713,0.6524064171122995,0.6153846153846154,0.6370757180156658,"[[858, 175], [130, 244]]","              precision    recall  f1-score   support

           0       0.87      0.83      0.85      1033
           1       0.58      0.65      0.62       374

    accuracy                           0.78      1407
   macro avg       0.73      0.74      0.73      1407
weighted avg       0.79      0.78      0.79      1407
"
0.6599999999999997,0.7860696517412935,0.589242053789731,0.6443850267379679,0.6155810983397191,0.6325459317585301,"[[865, 168], [133, 241]]","              precision    recall  f1-score   support

           0       0.87      0.84      0.85      1033
           1       0.59      0.64      0.62       374

    accuracy                           0.79      1407
   macro avg       0.73      0.74      0.73      1407
weighted avg       0.79      0.79      0.79      1407
"
0.6699999999999997,0.7889125799573561,0.5964912280701754,0.6363636363636364,0.6157826649417852,0.6279683377308707,"[[872, 161], [136, 238]]","              precision    recall  f1-score   support

           0       0.87      0.84      0.85      1033
           1       0.60      0.64      0.62       374

    accuracy                           0.79      1407
   macro avg       0.73      0.74      0.74      1407
weighted avg       0.79      0.79      0.79      1407
"
0.6799999999999997,0.7903340440653873,0.6025974025974026,0.6203208556149733,0.61133069828722,0.6166932482721956,"[[880, 153], [142, 232]]","              precision    recall  f1-score   support

           0       0.86      0.85      0.86      1033
           1       0.60      0.62      0.61       374

    accuracy                           0.79      1407
   macro avg       0.73      0.74      0.73      1407
weighted avg       0.79      0.79      0.79      1407
"
0.6899999999999997,0.7974413646055437,0.6219178082191781,0.606951871657754,0.6143437077131259,0.6098871574422353,"[[895, 138], [147, 227]]","              precision    recall  f1-score   support

           0       0.86      0.87      0.86      1033
           1       0.62      0.61      0.61       374

    accuracy                           0.80      1407
   macro avg       0.74      0.74      0.74      1407
weighted avg       0.80      0.80      0.80      1407
"
0.6999999999999996,0.7953091684434968,0.6214689265536724,0.5882352941176471,0.6043956043956044,0.5945945945945946,"[[899, 134], [154, 220]]","              precision    recall  f1-score   support

           0       0.85      0.87      0.86      1033
           1       0.62      0.59      0.60       374

    accuracy                           0.80      1407
   macro avg       0.74      0.73      0.73      1407
weighted avg       0.79      0.80      0.79      1407
"
0.7099999999999996,0.7960199004975125,0.6268221574344023,0.5748663101604278,0.599721059972106,0.5845568243610658,"[[905, 128], [159, 215]]","              precision    recall  f1-score   support

           0       0.85      0.88      0.86      1033
           1       0.63      0.57      0.60       374

    accuracy                           0.80      1407
   macro avg       0.74      0.73      0.73      1407
weighted avg       0.79      0.80      0.79      1407
"
0.7199999999999996,0.7953091684434968,0.6295180722891566,0.5588235294117647,0.5920679886685553,0.5716630196936543,"[[910, 123], [165, 209]]","              precision    recall  f1-score   support

           0       0.85      0.88      0.86      1033
           1       0.63      0.56      0.59       374

    accuracy                           0.80      1407
   macro avg       0.74      0.72      0.73      1407
weighted avg       0.79      0.80      0.79      1407
"
0.7299999999999996,0.7874911158493249,0.6190476190476191,0.5213903743315508,0.5660377358490566,0.5383765875207068,"[[913, 120], [179, 195]]","              precision    recall  f1-score   support

           0       0.84      0.88      0.86      1033
           1       0.62      0.52      0.57       374

    accuracy                           0.79      1407
   macro avg       0.73      0.70      0.71      1407
weighted avg       0.78      0.79      0.78      1407
"
0.7399999999999997,0.7924662402274343,0.6394557823129252,0.5026737967914439,0.562874251497006,0.5251396648044693,"[[927, 106], [186, 188]]","              precision    recall  f1-score   support

           0       0.83      0.90      0.86      1033
           1       0.64      0.50      0.56       374

    accuracy                           0.79      1407
   macro avg       0.74      0.70      0.71      1407
weighted avg       0.78      0.79      0.78      1407
"
0.7499999999999997,0.7938877043354655,0.6544117647058824,0.47593582887700536,0.5510835913312694,0.503393665158371,"[[939, 94], [196, 178]]","              precision    recall  f1-score   support

           0       0.83      0.91      0.87      1033
           1       0.65      0.48      0.55       374

    accuracy                           0.79      1407
   macro avg       0.74      0.69      0.71      1407
weighted avg       0.78      0.79      0.78      1407
"
0.7599999999999997,0.7903340440653873,0.6525096525096525,0.45187165775401067,0.5339652448657188,0.48148148148148145,"[[943, 90], [205, 169]]","              precision    recall  f1-score   support

           0       0.82      0.91      0.86      1033
           1       0.65      0.45      0.53       374

    accuracy                           0.79      1407
   macro avg       0.74      0.68      0.70      1407
weighted avg       0.78      0.79      0.78      1407
"
0.7699999999999997,0.7874911158493249,0.6530612244897959,0.42780748663101603,0.5169628432956381,0.4595060310166571,"[[948, 85], [214, 160]]","              precision    recall  f1-score   support

           0       0.82      0.92      0.86      1033
           1       0.65      0.43      0.52       374

    accuracy                           0.79      1407
   macro avg       0.73      0.67      0.69      1407
weighted avg       0.77      0.79      0.77      1407
"
0.7799999999999997,0.7839374555792467,0.6521739130434783,0.40106951871657753,0.4966887417218543,0.43453070683661643,"[[953, 80], [224, 150]]","              precision    recall  f1-score   support

           0       0.81      0.92      0.86      1033
           1       0.65      0.40      0.50       374

    accuracy                           0.78      1407
   macro avg       0.73      0.66      0.68      1407
weighted avg       0.77      0.78      0.77      1407
"
0.7899999999999996,0.7867803837953091,0.6697247706422018,0.39037433155080214,0.49324324324324326,0.425904317386231,"[[961, 72], [228, 146]]","              precision    recall  f1-score   support

           0       0.81      0.93      0.86      1033
           1       0.67      0.39      0.49       374

    accuracy                           0.79      1407
   macro avg       0.74      0.66      0.68      1407
weighted avg       0.77      0.79      0.77      1407
"
0.7999999999999996,0.7882018479033405,0.6826923076923077,0.37967914438502676,0.4879725085910653,0.4166666666666667,"[[967, 66], [232, 142]]","              precision    recall  f1-score   support

           0       0.81      0.94      0.87      1033
           1       0.68      0.38      0.49       374

    accuracy                           0.79      1407
   macro avg       0.74      0.66      0.68      1407
weighted avg       0.77      0.79      0.77      1407
"
0.8099999999999996,0.7853589196872779,0.6836734693877551,0.3582887700534759,0.47017543859649125,0.3959810874704492,"[[971, 62], [240, 134]]","              precision    recall  f1-score   support

           0       0.80      0.94      0.87      1033
           1       0.68      0.36      0.47       374

    accuracy                           0.79      1407
   macro avg       0.74      0.65      0.67      1407
weighted avg       0.77      0.79      0.76      1407
"
0.8199999999999996,0.7789623312011372,0.6740331491712708,0.32620320855614976,0.43963963963963965,0.3637447823494335,"[[974, 59], [252, 122]]","              precision    recall  f1-score   support

           0       0.79      0.94      0.86      1033
           1       0.67      0.33      0.44       374

    accuracy                           0.78      1407
   macro avg       0.73      0.63      0.65      1407
weighted avg       0.76      0.78      0.75      1407
"
0.8299999999999996,0.7818052594171997,0.695906432748538,0.3181818181818182,0.43669724770642204,0.35692861427714456,"[[981, 52], [255, 119]]","              precision    recall  f1-score   support

           0       0.79      0.95      0.86      1033
           1       0.70      0.32      0.44       374

    accuracy                           0.78      1407
   macro avg       0.74      0.63      0.65      1407
weighted avg       0.77      0.78      0.75      1407
"
0.8399999999999996,0.7825159914712153,0.717948717948718,0.2994652406417112,0.4226415094339623,0.3389830508474576,"[[989, 44], [262, 112]]","              precision    recall  f1-score   support

           0       0.79      0.96      0.87      1033
           1       0.72      0.30      0.42       374

    accuracy                           0.78      1407
   macro avg       0.75      0.63      0.64      1407
weighted avg       0.77      0.78      0.75      1407
"
0.8499999999999996,0.7839374555792467,0.7364864864864865,0.2914438502673797,0.41762452107279696,0.33150851581508517,"[[994, 39], [265, 109]]","              precision    recall  f1-score   support

           0       0.79      0.96      0.87      1033
           1       0.74      0.29      0.42       374

    accuracy                           0.78      1407
   macro avg       0.76      0.63      0.64      1407
weighted avg       0.78      0.78      0.75      1407
"
0.8599999999999995,0.783226723525231,0.7518248175182481,0.27540106951871657,0.40313111545988256,0.3153704837721984,"[[999, 34], [271, 103]]","              precision    recall  f1-score   support

           0       0.79      0.97      0.87      1033
           1       0.75      0.28      0.40       374

    accuracy                           0.78      1407
   macro avg       0.77      0.62      0.64      1407
weighted avg       0.78      0.78      0.74      1407
"
0.8699999999999996,0.7789623312011372,0.7692307692307693,0.24064171122994651,0.3665987780040733,0.27898326100433973,"[[1006, 27], [284, 90]]","              precision    recall  f1-score   support

           0       0.78      0.97      0.87      1033
           1       0.77      0.24      0.37       374

    accuracy                           0.78      1407
   macro avg       0.77      0.61      0.62      1407
weighted avg       0.78      0.78      0.73      1407
"
0.8799999999999996,0.7768301350390903,0.8061224489795918,0.21122994652406418,0.3347457627118644,0.24780426599749059,"[[1014, 19], [295, 79]]","              precision    recall  f1-score   support

           0       0.77      0.98      0.87      1033
           1       0.81      0.21      0.33       374

    accuracy                           0.78      1407
   macro avg       0.79      0.60      0.60      1407
weighted avg       0.78      0.78      0.72      1407
"
0.8899999999999996,0.7732764747690121,0.8235294117647058,0.18716577540106952,0.30501089324618735,0.22137887413029728,"[[1018, 15], [304, 70]]","              precision    recall  f1-score   support

           0       0.77      0.99      0.86      1033
           1       0.82      0.19      0.31       374

    accuracy                           0.77      1407
   macro avg       0.80      0.59      0.58      1407
weighted avg       0.78      0.77      0.72      1407
"
0.8999999999999996,0.7711442786069652,0.8421052631578947,0.1711229946524064,0.28444444444444444,0.2035623409669211,"[[1021, 12], [310, 64]]","              precision    recall  f1-score   support

           0       0.77      0.99      0.86      1033
           1       0.84      0.17      0.28       374

    accuracy                           0.77      1407
   macro avg       0.80      0.58      0.57      1407
weighted avg       0.79      0.77      0.71      1407
"
0.9099999999999996,0.7683013503909026,0.875,0.1497326203208556,0.2557077625570776,0.1794871794871795,"[[1025, 8], [318, 56]]","              precision    recall  f1-score   support

           0       0.76      0.99      0.86      1033
           1       0.88      0.15      0.26       374

    accuracy                           0.77      1407
   macro avg       0.82      0.57      0.56      1407
weighted avg       0.79      0.77      0.70      1407
"
0.9199999999999996,0.7604832977967306,0.8775510204081632,0.11497326203208556,0.2033096926713948,0.13915857605177995,"[[1027, 6], [331, 43]]","              precision    recall  f1-score   support

           0       0.76      0.99      0.86      1033
           1       0.88      0.11      0.20       374

    accuracy                           0.76      1407
   macro avg       0.82      0.55      0.53      1407
weighted avg       0.79      0.76      0.68      1407
"
0.9299999999999996,0.7547974413646056,0.8717948717948718,0.09090909090909091,0.16464891041162227,0.11074918566775244,"[[1028, 5], [340, 34]]","              precision    recall  f1-score   support

           0       0.75      1.00      0.86      1033
           1       0.87      0.09      0.16       374

    accuracy                           0.75      1407
   macro avg       0.81      0.54      0.51      1407
weighted avg       0.78      0.75      0.67      1407
"
0.9399999999999996,0.7505330490405118,0.96,0.06417112299465241,0.12030075187969924,0.07889546351084813,"[[1032, 1], [350, 24]]","              precision    recall  f1-score   support

           0       0.75      1.00      0.85      1033
           1       0.96      0.06      0.12       374

    accuracy                           0.75      1407
   macro avg       0.85      0.53      0.49      1407
weighted avg       0.80      0.75      0.66      1407
"
0.9499999999999995,0.7427149964463398,1.0,0.03208556149732621,0.06217616580310881,0.03978779840848806,"[[1033, 0], [362, 12]]","              precision    recall  f1-score   support

           0       0.74      1.00      0.85      1033
           1       1.00      0.03      0.06       374

    accuracy                           0.74      1407
   macro avg       0.87      0.52      0.46      1407
weighted avg       0.81      0.74      0.64      1407
"
0.9599999999999995,0.7391613361762616,1.0,0.01871657754010695,0.03674540682414698,0.023286759813705923,"[[1033, 0], [367, 7]]","              precision    recall  f1-score   support

           0       0.74      1.00      0.85      1033
           1       1.00      0.02      0.04       374

    accuracy                           0.74      1407
   macro avg       0.87      0.51      0.44      1407
weighted avg       0.81      0.74      0.63      1407
"
0.9699999999999995,0.738450604122246,1.0,0.016042780748663103,0.031578947368421054,0.019973368841544607,"[[1033, 0], [368, 6]]","              precision    recall  f1-score   support

           0       0.74      1.00      0.85      1033
           1       1.00      0.02      0.03       374

    accuracy                           0.74      1407
   macro avg       0.87      0.51      0.44      1407
weighted avg       0.81      0.74      0.63      1407
"
0.9799999999999995,0.7356076759061834,1.0,0.0053475935828877,0.010638297872340425,0.006675567423230975,"[[1033, 0], [372, 2]]","              precision    recall  f1-score   support

           0       0.74      1.00      0.85      1033
           1       1.00      0.01      0.01       374

    accuracy                           0.74      1407
   macro avg       0.87      0.50      0.43      1407
weighted avg       0.81      0.74      0.62      1407
"
0.9899999999999995,0.7341862117981521,0.0,0.0,0.0,0.0,"[[1033, 0], [374, 0]]","              precision    recall  f1-score   support

           0       0.73      1.00      0.85      1033
           1       0.00      0.00      0.00       374

    accuracy                           0.73      1407
   macro avg       0.37      0.50      0.42      1407
weighted avg       0.54      0.73      0.62      1407
"
